id,symbol,category,name
128049152,Platinum,Metals,Platinum
128049153,Palladium,Metals,Palladium
128049154,Gold,Metals,Gold
128049155,Silver,Metals,Silver
128049156,Bertrandite,Minerals,Bertrandite
128049157,Indite,Minerals,Indite
128049158,Gallite,Minerals,Gallite
128049159,Coltan,Minerals,Coltan
128049160,Uraninite,Minerals,Uraninite
128049161,Lepidolite,Minerals,Lepidolite
128049162,Cobalt,Metals,Cobalt
128049163,Rutile,Minerals,Rutile
128049165,Bauxite,Minerals,Bauxite
128049166,Water,Chemicals,Water
128049168,Beryllium,Metals,Beryllium
128049169,Indium,Metals,Indium
128049170,Gallium,Metals,Gallium
128049171,Tantalum,Metals,Tantalum
128049172,Uranium,Metals,Uranium
128049173,Lithium,Metals,Lithium
128049174,Titanium,Metals,Titanium
128049175,Copper,Metals,Copper
128049176,Aluminium,Metals,Aluminium
128049177,Algae,Foods,Algae
128049178,FruitAndVegetables,Foods,Fruit and Vegetables
128049180,Grain,Foods,Grain
128049182,Animalmeat,Foods,Animal Meat
128049183,Fish,Foods,Fish
128049184,FoodCartridges,Foods,Food Cartridges
128049185,SyntheticMeat,Foods,Synthetic Meat
128049188,Tea,Foods,Tea
128049189,Coffee,Foods,Coffee
128049190,Leather,Textiles,Leather
128049191,NaturalFabrics,Textiles,Natural Fabrics
128049193,SyntheticFabrics,Textiles,Synthetic Fabrics
128049197,Polymers,Industrial Materials,Polymers
128049199,Semiconductors,Industrial Materials,Semiconductors
128049200,Superconductors,Industrial Materials,Superconductors
128049202,HydrogenFuel,Chemicals,Hydrogen Fuel
128049203,MineralOil,Chemicals,Mineral Oil
128049204,Explosives,Chemicals,Explosives
128049205,Pesticides,Chemicals,Pesticides
128049208,AgriculturalMedicines,Medicines,Agri-Medicines
128049209,PerformanceEnhancers,Medicines,Performance Enhancers
128049210,BasicMedicines,Medicines,Basic Medicines
128049212,BasicNarcotics,Legal Drugs,Narcotics
128049213,Tobacco,Legal Drugs,Tobacco
128049214,Beer,Legal Drugs,Beer
128049215,Wine,Legal Drugs,Wine
128049216,Liquor,Legal Drugs,Liquor
128049217,PowerGenerators,Machinery,Power Generators
128049218,WaterPurifiers,Machinery,Water Purifiers
128049220,HeliostaticFurnaces,Machinery,Microbial Furnaces
128049221,MineralExtractors,Machinery,Mineral Extractors
128049222,CropHarvesters,Machinery,Crop Harvesters
128049223,MarineSupplies,Machinery,Marine Equipment
128049225,ComputerComponents,Technology,Computer Components
128049226,HazardousEnvironmentSuits,Technology,H.E. Suits
128049227,Robotics,Technology,Robotics
128049228,AutoFabricators,Technology,Auto-Fabricators
128049229,AnimalMonitors,Technology,Animal Monitors
128049230,AquaponicSystems,Technology,Aquaponic Systems
128049231,AdvancedCatalysers,Technology,Advanced Catalysers
128049232,TerrainEnrichmentSystems,Technology,Land Enrichment Systems
128049233,PersonalWeapons,Weapons,Personal Weapons
128049234,BattleWeapons,Weapons,Battle Weapons
128049235,ReactiveArmour,Weapons,Reactive Armour
128049236,NonLethalWeapons,Weapons,Non-Lethal Weapons
128049238,DomesticAppliances,Consumer Items,Domestic Appliances
128049240,ConsumerTechnology,Consumer Items,Consumer Technology
128049241,Clothing,Consumer Items,Clothing
128049243,Slaves,Slavery,Slaves
128049244,Biowaste,Waste,Biowaste
128049245,ToxicWaste,Waste,Toxic Waste
128049246,ChemicalWaste,Waste,Chemical Waste
128049248,Scrap,Waste,Scrap
128049669,ProgenitorCells,Medicines,Progenitor Cells
128049670,CombatStabilisers,Medicines,Combat Stabilisers
128049671,ResonatingSeparators,Technology,Resonating Separators
128049672,BioReducingLichen,Technology,Bioreducing Lichen
128064028,AtmosphericExtractors,Machinery,Atmospheric Processors
128066403,Drones,NonMarketable,Limpets
128666752,USSCargoBlackBox,Salvage,Black Box
128666754,USSCargoTradeData,Salvage,Trade Data
128666755,USSCargoMilitaryPlans,Salvage,Military Plans
128666756,USSCargoAncientArtefact,Salvage,Ancient Artefact
128666757,USSCargoRareArtwork,Salvage,Rare Artwork
128666758,USSCargoExperimentalChemicals,Salvage,Experimental Chemicals
128666759,USSCargoRebelTransmissions,Salvage,Rebel Transmissions
128666760,USSCargoPrototypeTech,Salvage,Prototype Tech
128666761,USSCargoTechnicalBlueprints,Salvage,Technical Blueprints
128667728,ImperialSlaves,Slavery,Imperial Slaves
128668547,UnknownArtifact,Salvage,Thargoid Sensor
128668548,AiRelics,Salvage,AI Relics
128668549,Hafnium178,Metals,Hafnium 178
128668550,Painite,Minerals,Painite
128668551,Antiquities,Salvage,Antiquities
128668552,MilitaryIntelligence,Salvage,Military Intelligence
128671118,Osmium,Metals,Osmium
128671443,SAP8CoreContainer,Salvage,SAP 8 Core Container
128671444,TrinketsOfFortune,Consumer Items,Trinkets of Hidden Fortune
128672123,WreckageComponents,Salvage,Wreckage Components
128672124,EncriptedDataStorage,Salvage,Encrypted Data Storage
128672125,OccupiedCryoPod,Salvage,Occupied Escape Pod
128672126,PersonalEffects,Salvage,Personal Effects
128672127,ComercialSamples,Salvage,Commercial Samples
128672128,TacticalData,Salvage,Tactical Data
128672129,AssaultPlans,Salvage,Assault Plans
128672130,EncryptedCorrespondence,Salvage,Encrypted Correspondence
128672131,DiplomaticBag,Salvage,Diplomatic Bag
128672132,ScientificResearch,Salvage,Scientific Research
128672133,ScientificSamples,Salvage,Scientific Samples
128672134,PoliticalPrisoner,Salvage,Political Prisoners
128672135,Hostage,Salvage,Hostages
128672136,LargeExplorationDataCash,Salvage,Large Survey Data Cache
128672137,SmallExplorationDataCash,Salvage,Small Survey Data Cache
128672159,AntiqueJewellery,Salvage,Antique Jewellery
128672160,PreciousGems,Salvage,Precious Gems
128672161,EarthRelics,Salvage,Earth Relics
128672162,GeneBank,Salvage,Gene Bank
128672163,TimeCapsule,Salvage,Time Capsule
128672294,Cryolite,Minerals,Cryolite
128672295,Goslarite,Minerals,Goslarite
128672296,Moissanite,Minerals,Moissanite
128672297,Pyrophyllite,Minerals,Pyrophyllite
128672298,Lanthanum,Metals,Lanthanum
128672299,Thallium,Metals,Thallium
128672300,Bismuth,Metals,Bismuth
128672301,Thorium,Metals,Thorium
128672302,CeramicComposites,Industrial Materials,Ceramic Composites
128672303,SyntheticReagents,Chemicals,Synthetic Reagents
128672304,NerveAgents,Chemicals,Nerve Agents
128672305,SurfaceStabilisers,Chemicals,Surface Stabilisers
128672306,BootlegLiquor,Legal Drugs,Bootleg Liquor
128672307,GeologicalEquipment,Machinery,Geological Equipment
128672308,ThermalCoolingUnits,Machinery,Thermal Cooling Units
128672309,BuildingFabricators,Machinery,Building Fabricators
128672310,MuTomImager,Technology,Muon Imager
128672311,StructuralRegulators,Technology,Structural Regulators
128672312,Landmines,Weapons,Landmines
128672313,SkimerComponents,Machinery,Skimmer Components
128672314,EvacuationShelter,Consumer Items,Evacuation Shelter
128672315,GeologicalSamples,Salvage,Geological Samples
128672701,MetaAlloys,Industrial Materials,Meta-Alloys
128672775,Taaffeite,Minerals,Taaffeite
128672776,Jadeite,Minerals,Jadeite
128672810,UnstableDataCore,Salvage,Unstable Data Core
128672811,DamagedEscapePod,Salvage,Damaged Escape Pod
128673845,Praseodymium,Metals,Praseodymium
128673846,Bromellite,Minerals,Bromellite
128673847,Samarium,Metals,Samarium
128673848,LowTemperatureDiamond,Minerals,Low Temperature Diamonds
128673850,HydrogenPeroxide,Chemicals,Hydrogen Peroxide
128673851,LiquidOxygen,Chemicals,Liquid oxygen
128673852,MethanolMonohydrateCrystals,Minerals,Methanol Monohydrate Crystals
128673853,LithiumHydroxide,Minerals,Lithium Hydroxide
128673854,MethaneClathrate,Minerals,Methane Clathrate
128673855,InsulatingMembrane,Industrial Materials,Insulating Membrane
128673856,CMMComposite,Industrial Materials,CMM Composite
128673857,CoolingHoses,Industrial Materials,Micro-weave Cooling Hoses
128673858,NeofabricInsulation,Industrial Materials,Neofabric Insulation
128673859,ArticulationMotors,Machinery,Articulation Motors
128673860,HNShockMount,Machinery,HN Shock Mount
128673861,EmergencyPowerCells,Machinery,Emergency Power Cells
128673862,PowerConverter,Machinery,Power Converter
128673863,PowerGridAssembly,Machinery,Energy Grid Assembly
128673864,PowerTransferConduits,Machinery,Power Transfer Bus
128673865,RadiationBaffle,Machinery,Radiation Baffle
128673866,ExhaustManifold,Machinery,Exhaust Manifold
128673867,ReinforcedMountingPlate,Machinery,Reinforced Mounting Plate
128673868,HeatsinkInterlink,Machinery,Heatsink Interlink
128673869,MagneticEmitterCoil,Machinery,Magnetic Emitter Coil
128673870,ModularTerminals,Machinery,Modular Terminals
128673871,Nanobreakers,Technology,Nanobreakers
128673872,TelemetrySuite,Technology,Telemetry Suite
128673873,MicroControllers,Technology,Micro Controllers
128673874,IonDistributor,Machinery,Ion Distributor
128673875,DiagnosticSensor,Technology,Hardware Diagnostic Sensor
128673876,UnknownArtifact2,Salvage,Thargoid Probe
128682044,ConductiveFabrics,Textiles,Conductive Fabrics
128682045,MilitaryGradeFabrics,Textiles,Military Grade Fabrics
128682046,AdvancedMedicines,Medicines,Advanced Medicines
128682047,MedicalDiagnosticEquipment,Technology,Medical Diagnostic Equipment
128682048,SurvivalEquipment,Consumer Items,Survival Equipment
128682049,DataCore,Salvage,Data Core
128682051,MysteriousIdol,Salvage,Mysterious Idol
128682052,ProhibitedResearchMaterials,Salvage,Prohibited Research Materials
128682053,AntimatterContainmentUnit,Salvage,Antimatter Containment Unit
128682054,SpacePioneerRelics,Salvage,Space Pioneer Relics
128682055,FossilRemnants,Salvage,Fossil Remnants
128732183,AncientRelic,Salvage,Guardian Relic
128732184,AncientOrb,Salvage,Guardian Orb
128732185,AncientCasket,Salvage,Guardian Casket
128732186,AncientTablet,Salvage,Guardian Tablet
128732187,AncientUrn,Salvage,Guardian Urn
128732188,AncientTotem,Salvage,Guardian Totem
128737287,UnknownResin,Salvage,Thargoid Resin
128737288,UnknownBiologicalMatter,Salvage,Thargoid Biological Matter
128737289,UnknownTechnologySamples,Salvage,Thargoid Technology Samples
128740752,UnknownArtifact3,Salvage,Thargoid Link
128793127,ThargoidHeart,Salvage,Thargoid Heart
128793128,ThargoidTissueSampleType1,Salvage,Thargoid Cyclops Tissue Sample
128793129,ThargoidTissueSampleType2,Salvage,Thargoid Basilisk Tissue Sample
128793130,ThargoidTissueSampleType3,Salvage,Thargoid Medusa Tissue Sample
128824468,ThargoidScoutTissueSample,Salvage,Thargoid Scout Tissue Sample
128888499,AncientKey,Salvage,Ancient Key
128902652,ThargoidTissueSampleType4,Salvage,Thargoid Hydra Tissue Sample
128922517,M_TissueSample_Fluid,Salvage,Mollusc Fluid
128922518,M_TissueSample_Soft,Salvage,Mollusc Soft Tissue
128922519,M_TissueSample_Nerves,Salvage,Mollusc Brain Tissue
128922520,S_TissueSample_Cells,Salvage,Pod Core Tissue
128922521,S_TissueSample_Surface,Salvage,Pod Dead Tissue
128922522,S_TissueSample_Core,Salvage,Pod Surface Tissue
128922523,P_ParticulateSample,Salvage,Anomaly Particles
128922781,S9_TissueSample_Shell,Salvage,Pod Tissue
128922782,M3_TissueSample_Membrane,Salvage,Mollusc Membrane
128922783,M3_TissueSample_Mycelium,Salvage,Mollusc Mycelium
128922784,M3_TissueSample_Spores,Salvage,Mollusc Spores
128922785,S6_TissueSample_Mesoglea,Salvage,Pod Mesoglea
128922786,S6_TissueSample_Cells,Salvage,Pod Outer Tissue
128922787,S6_TissueSample_Coenosarc,Salvage,Pod Shell Tissue
128924325,Rhodplumsite,Minerals,Rhodplumsite
128924326,Serendibite,Minerals,Serendibite
128924327,Monazite,Minerals,Monazite
128924328,Musgravite,Minerals,Musgravite
128924329,Benitoite,Minerals,Benitoite
128924330,Grandidierite,Minerals,Grandidierite
128924331,Alexandrite,Minerals,Alexandrite
128924332,Opal,Minerals,Void Opal
128924333,RockforthFertiliser,Chemicals,Rockforth Fertiliser
128924334,AgronomicTreatment,Chemicals,Agronomic Treatment
128961249,Tritium,Chemicals,Tritium
128983059,OnionHeadC,Legal Drugs,Onionhead Gamma Strain
129015433,AncientRelicTG,Salvage,Unclassified Relic
129019258,ThargoidTissueSampleType5,Salvage,Thargoid Orthrus Tissue Sample
129019259,ThargoidGeneratorTissueSample,Salvage,Caustic Tissue Sample
129022087,UnocuppiedEscapePod,Salvage,Unoccupied Escape Pod
129022395,ThargoidTissueSampleType6,Salvage,Thargoid Glaive Tissue Sample
129022396,ThargoidTissueSampleType7,Salvage,Thargoid Scythe Tissue Sample
129022398,ThargoidTissueSampleType9a,Salvage,Titan Deep Tissue Sample
129022399,ThargoidTissueSampleType9b,Salvage,Titan Tissue Sample
129022400,ThargoidTissueSampleType9c,Salvage,Titan Partial Tissue Sample
129022402,ThargoidTissueSampleType10a,Salvage,Titan Maw Deep Tissue Sample
129022403,ThargoidTissueSampleType10b,Salvage,Titan Maw Tissue Sample
129022404,ThargoidTissueSampleType10c,Salvage,Titan Maw Partial Tissue Sample
129022405,UnknownSack,Salvage,Protective Membrane Scrap
129022406,ThargoidPod,Salvage,Xenobiological Prison Pod
129022407,CoralSap,Salvage,Coral Sap
129022408,UnknownMineral,Salvage,Impure Spire Mineral
129022409,UnknownRefinedMineral,Salvage,Semi-Refined Spire Mineral
129030459,ThargoidTitanDriveComponent,Salvage,Titan Drive Component
129030460,ThargoidCystSpecimen,Salvage,Cyst Specimenv
129030461,ThargoidBoneFragments,Salvage,Bone Fragments
129030462,ThargoidOrganSample,Salvage,Organ Sample
129031238,Steel,Metals,Steel
129031327,Haematite,Minerals,Haematite
id,symbol,category,name
128666746,EraninPearlWhisky,Legal Drugs,Eranin Pearl Whisky
128666747,LavianBrandy,Legal Drugs,Lavian Brandy
128667019,HIP10175BushMeat,Foods,HIP 10175 Bush Meat
128667020,AlbinoQuechuaMammoth,Foods,Albino Quechua Mammoth Meat
128667021,UtgaroarMillenialEggs,Foods,Utgaroar Millennial Eggs
128667022,WitchhaulKobeBeef,Foods,Witchhaul Kobe Beef
128667023,KarsukiLocusts,Foods,Karsuki Locusts
128667024,GiantIrukamaSnails,Foods,Giant Irukama Snails
128667025,BaltahSineVacuumKrill,Foods,Baltah'sine Vacuum Krill
128667026,CetiRabbits,Foods,Ceti Rabbits
128667027,KachiriginLeaches,Medicines,Kachirigin Filter Leeches
128667028,LyraeWeed,Legal Drugs,Lyrae Weed
128667029,OnionHead,Legal Drugs,Onionhead
128667030,TarachTorSpice,Legal Drugs,Tarach Spice
128667031,Wolf1301Fesh,Legal Drugs,Wolf Fesh
128667032,BorasetaniPathogenetics,Weapons,Borasetani Pathogenetics
128667033,HIP118311Swarm,Weapons,HIP 118311 Swarm
128667034,KonggaAle,Legal Drugs,Kongga Ale
128667035,WuthieloKuFroth,Legal Drugs,Wuthielo Ku Froth
128667036,AlacarakmoSkinArt,Consumer Items,Alacarakmo Skin Art
128667037,EleuThermals,Consumer Items,Eleu Thermals
128667038,EshuUmbrellas,Consumer Items,Eshu Umbrellas
128667039,KaretiiCouture,Consumer Items,Karetii Couture
128667040,NjangariSaddles,Consumer Items,Njangari Saddles
128667041,AnyNaCoffee,Foods,Any Na Coffee
128667042,CD75CatCoffee,Foods,CD-75 Kitten Brand Coffee
128667043,GomanYauponCoffee,Foods,Goman Yaupon Coffee
128667044,VolkhabBeeDrones,Machinery,Volkhab Bee Drones
128667045,KinagoInstruments,Consumer Items,Kinago Violins
128667046,NgunaModernAntiques,Consumer Items,Nguna Modern Antiques
128667047,RajukruStoves,Consumer Items,Rajukru Multi-Stoves
128667048,TiolceWaste2PasteUnits,Consumer Items,Tiolce Waste2Paste Units
128667049,ChiEridaniMarinePaste,Foods,Chi Eridani Marine Paste
128667050,EsusekuCaviar,Foods,Esuseku Caviar
128667051,LiveHecateSeaWorms,Foods,Live Hecate Sea Worms
128667052,HelvetitjPearls,Metals,Helvetitj Pearls
128667053,HIP41181Squid,Foods,HIP Proto-Squid
128667054,CoquimSpongiformVictuals,Foods,Coquim Spongiform Victuals
128667055,AerialEdenApple,Foods,Eden Apples of Aerial
128667056,NeritusBerries,Foods,Neritus Berries
128667057,OchoengChillies,Foods,Ochoeng Chillies
128667058,DeuringasTruffles,Foods,Deuringas Truffles
128667059,HR7221Wheat,Foods,HR 7221 Wheat
128667060,JarouaRice,Foods,Jaroua Rice
128667061,BelalansRayLeather,Textiles,Belalans Ray Leather
128667062,DamnaCarapaces,Textiles,Damna Carapaces
128667063,RapaBaoSnakeSkins,Textiles,Rapa Bao Snake Skins
128667064,VanayequiRhinoFur,Textiles,Vanayequi Ceratomorpha Fur
128667065,BastSnakeGin,Legal Drugs,Bast Snake Gin
128667066,ThrutisCream,Legal Drugs,Thrutis Cream
128667067,WulpaHyperboreSystems,Machinery,Wulpa Hyperbore Systems
128667068,AganippeRush,Medicines,Aganippe Rush
128667069,TerraMaterBloodBores,Medicines,Terra Mater Blood Bores
128667070,HolvaDuellingBlades,Weapons,Holva Duelling Blades
128667071,KamorinHistoricWeapons,Weapons,Kamorin Historic Weapons
128667072,GilyaSignatureWeapons,Weapons,Gilya Signature Weapons
128667073,DeltaPhoenicisPalms,Chemicals,Delta Phoenicis Palms
128667074,ToxandjiVirocide,Chemicals,Toxandji Virocide
128667075,XiheCompanions,Technology,Xihe Biomorphic Companions
128667076,SanumaMEAT,Foods,Sanuma Decorative Meat
128667077,EthgrezeTeaBuds,Foods,Ethgreze Tea Buds
128667078,CeremonialHeikeTea,Foods,Ceremonial Heike Tea
128667079,TanmarkTranquilTea,Foods,Tanmark Tranquil Tea
128667080,AZCancriFormula42,Technology,AZ Cancri Formula 42
128667081,KamitraCigars,Legal Drugs,Kamitra Cigars
128667082,RusaniOldSmokey,Legal Drugs,Rusani Old Smokey
128667083,YasoKondiLeaf,Legal Drugs,Yaso Kondi Leaf
128667084,ChateauDeAegaeon,Legal Drugs,Chateau De Aegaeon
128667085,WatersOfShintara,Medicines,The Waters of Shintara
128667668,OphiuchiExinoArtefacts,Consumer Items,Ophiuch Exino Artefacts
128667669,BakedGreebles,Foods,Baked Greebles
128667670,CetiAepyornisEgg,Foods,Aepyornis Egg
128667671,SaxonWine,Legal Drugs,Saxon Wine
128667672,CentauriMegaGin,Legal Drugs,Centauri Mega Gin
128667673,AnduligaFireWorks,Consumer Items,Anduliga Fire Works
128667674,BankiAmphibiousLeather,Textiles,Banki Amphibious Leather
128667675,CherbonesBloodCrystals,Metals,Cherbones Blood Crystals
128667676,MotronaExperienceJelly,Legal Drugs,Motrona Experience Jelly
128667677,GeawenDanceDust,Legal Drugs,Geawen Dance Dust
128667678,GerasianGueuzeBeer,Legal Drugs,Gerasian Gueuze Beer
128667679,HaidneBlackBrew,Foods,Haiden Black Brew
128667680,HavasupaiDreamCatcher,Consumer Items,Havasupai Dream Catcher
128667681,BurnhamBileDistillate,Legal Drugs,Burnham Bile Distillate
128667682,HIPOrganophosphates,Chemicals,HIP Organophosphates
128667683,JaradharrePuzzlebox,Consumer Items,Jaradharre Puzzle Box
128667684,KorroKungPellets,Chemicals,Koro Kung Pellets
128667685,LFTVoidExtractCoffee,Foods,Void Extract Coffee
128667686,HonestyPills,Medicines,Honesty Pills
128667687,NonEuclidianExotanks,Machinery,Non Euclidian Exotanks
128667688,LTTHyperSweet,Foods,LTT Hyper Sweet
128667689,MechucosHighTea,Foods,Mechucos High Tea
128667690,MedbStarlube,Chemicals,Medb Starlube
128667691,MokojingBeastFeast,Foods,Mokojing Beast Feast
128667692,MukusubiiChitinOs,Foods,Mukusubii Chitin-os
128667693,MulachiGiantFungus,Foods,Mulachi Giant Fungus
128667694,NgadandariFireOpals,Metals,Ngadandari Fire Opals
128667695,TiegfriesSynthSilk,Textiles,Tiegfries Synth Silk
128667696,UzumokuLowGWings,Consumer Items,Uzumoku Low-G Wings
128667697,VHerculisBodyRub,Medicines,V Herculis Body Rub
128667698,WheemeteWheatCakes,Foods,Wheemete Wheat Cakes
128667699,VegaSlimWeed,Medicines,Vega Slimweed
128667700,AltairianSkin,Consumer Items,Altairian Skin
128667701,PavonisEarGrubs,Legal Drugs,Pavonis Ear Grubs
128667702,JotunMookah,Textiles,Jotun Mookah
128667703,GiantVerrix,Machinery,Giant Verrix
128667704,IndiBourbon,Legal Drugs,Indi Bourbon
128667705,AroucaConventualSweets,Foods,Arouca Conventual Sweets
128667706,TauriChimes,Consumer Items,Tauri Chimes
128667707,ZeesszeAntGlue,Consumer Items,Zeessze Ant Grub Glue
128667708,PantaaPrayerSticks,Medicines,Pantaa Prayer Sticks
128667709,FujinTea,Foods,Fujin Tea
128667710,ChameleonCloth,Textiles,Chameleon Cloth
128667711,OrrerianViciousBrew,Foods,Orrerian Vicious Brew
128667712,UszaianTreeGrub,Foods,Uszaian Tree Grub
128667713,MomusBogSpaniel,Consumer Items,Momus Bog Spaniel
128667714,DisoMaCorn,Foods,Diso Ma Corn
128667715,LeestianEvilJuice,Legal Drugs,Leestian Evil Juice
128667716,BlueMilk,Foods,Azure Milk
128667717,AlienEggs,Consumer Items,Leathery Eggs
128667718,AlyaBodilySoap,Medicines,Alya Body Soap
128667719,VidavantianLace,Consumer Items,Vidavantian Lace
128667760,TransgenicOnionHead,Legal Drugs,Lucan Onionhead
128668017,JaquesQuinentianStill,Consumer Items,Jaques Quinentian Still
128668018,SoontillRelics,Consumer Items,Soontill Relics
128671119,Advert1,Consumer Items,Ultra-Compact Processor Prototypes
128672121,TheHuttonMug,Consumer Items,The Hutton Mug
128672122,SothisCrystallineGold,Metals,Sothis Crystalline Gold
128672316,MasterChefs,Slavery,Master Chefs
128672431,PersonalGifts,Salvage,Festive Gifts
128672432,CrystallineSpheres,Salvage,Crystalline Spheres
128672812,OnionHeadA,Legal Drugs,Onionhead Alpha Strain
128673069,OnionHeadB,Legal Drugs,Onionhead Beta Strain
128682050,GalacticTravelGuide,Salvage,Galactic Travel Guide
128727921,AnimalEffigies,Legal Drugs,Crom Silver Fesh
128732551,ShansCharisOrchid,Consumer Items,Shan's Charis Orchid
128748428,BuckyballBeerMats,Consumer Items,Buckyball Beer Mats
128793113,HarmaSilverSeaRum,Legal Drugs,Harma Silver Sea Rum
128793114,PlatinumAloy,Metals,Platinum Alloy
128913661,Nanomedicines,Medicines,Nanomedicines
128922524,Duradrives,Consumer Items,Duradrives
128958679,ApaVietii,Legal Drugs,Apa Vietii
129002574,ClassifiedExperimentalEquipment,Technology,Classified Experimental Equipment
